{
  "PC1": {
    "denom": 6.394426672287594,
    "clip": 3.141592653589793
  },
  "PC2": {
    "denom": 6.622392960815636,
    "clip": 3.141592653589793
  },
  "PC3": {
    "denom": 6.659332132054473,
    "clip": 3.141592653589793
  }
}